 MJD (day),     S_index,     Source
39787.7998,0.249,      MW
39789.7998,0.251,      MW
39832.7998,0.227,      MW
39834.7998,0.238,      MW
40106.8,0.228,      MW
40140.8,0.224,      MW
40168.8,0.249,      MW
40169.8,0.237,      MW
40201.8,0.245,      MW
40223.8,0.228,      MW
40224.8,0.235,      MW
40252.8,0.241,      MW
40253.8,0.236,      MW
40254.8,0.23,      MW
40255.8,0.23,      MW
40495.8,0.221,      MW
40497.8,0.229,      MW
40498.8,0.227,      MW
40499.8,0.227,      MW
40519.8,0.23,      MW
40520.8,0.231,      MW
40558.8,0.228,      MW
40572.8,0.22,      MW
40573.8,0.226,      MW
40574.8,0.226,      MW
40610.8,0.23,      MW
40611.8,0.246,      MW
40612.8,0.231,      MW
40613.8,0.236,      MW
40844.8,0.218,      MW
40845.8,0.216,      MW
40881.8,0.212,      MW
40910.8,0.211,      MW
40911.8,0.217,      MW
40912.8,0.213,      MW
40935.8,0.196,      MW
40937.8,0.2,      MW
40960.8,0.2,      MW
40961.8,0.195,      MW
41200.8,0.196,      MW
41201.8,0.194,      MW
41249.8,0.189,      MW
41250.8,0.195,      MW
41262.8,0.2,      MW
41263.8,0.188,      MW
41264.8,0.186,      MW
41285.8,0.184,      MW
41286.8,0.19,      MW
41314.8,0.191,      MW
41349.8,0.183,      MW
41350.8,0.187,      MW
41589.8,0.19,      MW
41614.8,0.187,      MW
41615.8,0.193,      MW
41618.8,0.192,      MW
41641.8,0.195,      MW
41643.8,0.19,      MW
41644.8,0.2,      MW
41669.8,0.192,      MW
41671.8,0.183,      MW
41702.8,0.191,      MW
41703.8,0.184,      MW
41704.8,0.187,      MW
41942.8,0.196,      MW
41943.8,0.191,      MW
41944.8,0.188,      MW
41945.8,0.192,      MW
41959.8,0.179,      MW
41960.8,0.186,      MW
41961.8,0.178,      MW
42015.8,0.199,      MW
42016.8,0.206,      MW
42046.8,0.187,      MW
42061.8,0.188,      MW
42085.8,0.189,      MW
42086.8,0.187,      MW
42087.8,0.194,      MW
42282.8,0.19,      MW
42283.8,0.193,      MW
42284.8,0.189,      MW
42285.8,0.2,      MW
42329.8,0.19,      MW
42330.8,0.193,      MW
42331.8,0.196,      MW
42349.8,0.182,      MW
42350.8,0.184,      MW
42380.8,0.187,      MW
42382.8,0.185,      MW
42431.8,0.184,      MW
42432.8,0.185,      MW
42438.8,0.18,      MW
42440.8,0.194,      MW
42645.8,0.21,      MW
42646.8,0.212,      MW
42647.8,0.216,      MW
42675.8,0.203,      MW
42676.8,0.201,      MW
42677.8,0.199,      MW
42678.8,0.197,      MW
42702.8,0.192,      MW
42703.8,0.198,      MW
42731.8,0.196,      MW
42732.8,0.189,      MW
42763.8,0.194,      MW
42764.8,0.194,      MW
42765.8,0.198,      MW
42792.8,0.193,      MW
42793.8,0.188,      MW
42794.8,0.196,      MW
42820.8,0.197,      MW
42821.8,0.197,      MW
43024.8,0.21,      MW
43060.8,0.2,      MW
43061.8,0.197,      MW
43062.8,0.195,      MW
43063.8,0.196,      MW
43110.8,0.215,      MW
43111.8,0.214,      MW
43112.8,0.217,      MW
43113.8,0.209,      MW
43146.8,0.207,      MW
43172.8,0.223,      MW
43173.8,0.229,      MW
43174.8,0.225,      MW
43175.8,0.218,      MW
43176.8,0.23,      MW
43476.8,0.223,      MW
43477.8,0.208,      MW
43542.8,0.235,      MW
43780.8,0.206,      MW
43824.8,0.219,      MW
43827.8,0.214,      MW
43892.8,0.22,      MW
44172.8,0.205,      MW
44190.8,0.227,      MW
44200.8,0.222,      MW
44224.8,0.215,      MW
44260.8,0.205,      MW
44278.8,0.217,      MW
44482.994,0.195,      MW
44482.994,0.199,      MW
44482.995,0.198,      MW
44484.98,0.193,      MW
44484.98,0.197,      MW
44484.981,0.191,      MW
44485.968,0.197,      MW
44485.969,0.199,      MW
44485.969,0.196,      MW
44486.971,0.191,      MW
44486.972,0.2,      MW
44486.972,0.197,      MW
44487.969,0.2,      MW
44487.97,0.198,      MW
44487.97,0.193,      MW
44489.988,0.2,      MW
44489.989,0.191,      MW
44489.99,0.198,      MW
44490.986,0.204,      MW
44490.987,0.204,      MW
44490.987,0.193,      MW
44492.983,0.193,      MW
44492.983,0.187,      MW
44492.984,0.192,      MW
44493.966,0.2,      MW
44493.967,0.198,      MW
44493.967,0.19,      MW
44494.971,0.198,      MW
44494.972,0.195,      MW
44494.972,0.199,      MW
44495.952,0.196,      MW
44495.953,0.198,      MW
44495.953,0.196,      MW
44497.015,0.196,      MW
44497.016,0.199,      MW
44497.017,0.2,      MW
44506.022,0.194,      MW
44506.022,0.192,      MW
44506.023,0.195,      MW
44506.989,0.196,      MW
44506.99,0.191,      MW
44506.99,0.197,      MW
44507.968,0.194,      MW
44507.969,0.199,      MW
44507.969,0.196,      MW
44508.976,0.198,      MW
44508.977,0.19,      MW
44508.977,0.191,      MW
44524.963,0.199,      MW
44524.967,0.199,      MW
44524.971,0.198,      MW
44525.964,0.194,      MW
44525.965,0.199,      MW
44525.966,0.198,      MW
44548.903,0.198,      MW
44548.904,0.199,      MW
44548.904,0.203,      MW
44566.829,0.189,      MW
44566.83,0.194,      MW
44566.831,0.186,      MW
44869.003,0.209,      MW
44869.005,0.206,      MW
44869.007,0.212,      MW
44871.001,0.209,      MW
44871.002,0.213,      MW
44871.004,0.213,      MW
44872.01,0.206,      MW
44872.012,0.209,      MW
44872.013,0.209,      MW
44873.017,0.209,      MW
44873.018,0.199,      MW
44873.019,0.207,      MW
44874.951,0.2,      MW
44874.952,0.2,      MW
44874.953,0.204,      MW
44886.968,0.19,      MW
44886.969,0.19,      MW
44886.971,0.192,      MW
44893.936,0.197,      MW
44893.938,0.199,      MW
44893.94,0.199,      MW
44894.95,0.195,      MW
44894.952,0.197,      MW
44894.955,0.194,      MW
44895.957,0.196,      MW
44895.96,0.197,      MW
44895.962,0.199,      MW
44896.945,0.199,      MW
44896.947,0.199,      MW
44896.949,0.203,      MW
44898.976,0.202,      MW
44898.978,0.205,      MW
44898.98,0.203,      MW
44899.97,0.207,      MW
44899.971,0.203,      MW
44899.972,0.202,      MW
44900.989,0.209,      MW
44900.99,0.205,      MW
44900.991,0.21,      MW
45021.647,0.185,      MW
45021.649,0.185,      MW
45021.652,0.186,      MW
45022.639,0.182,      MW
45022.643,0.184,      MW
45022.647,0.183,      MW
45024.666,0.194,      MW
45024.6689,0.187,      MW
45024.672,0.19,      MW
45026.66,0.188,      MW
45026.662,0.187,      MW
45026.663,0.19,      MW
45032.672,0.189,      MW
45032.681,0.187,      MW
45032.686,0.181,      MW
45247.949,0.182,      MW
45247.952,0.177,      MW
45247.953,0.182,      MW
45248.929,0.187,      MW
45248.9301,0.188,      MW
45248.931,0.184,      MW
45249.976,0.189,      MW
45249.978,0.199,      MW
45249.98,0.193,      MW
45250.9611,0.192,      MW
45250.962,0.193,      MW
45250.964,0.179,      MW
45251.944,0.192,      MW
45251.946,0.19,      MW
45251.948,0.191,      MW
45252.891,0.193,      MW
45252.8929,0.196,      MW
45252.896,0.198,      MW
45253.969,0.189,      MW
45253.972,0.187,      MW
45253.974,0.183,      MW
45277.915,0.192,      MW
45277.916,0.188,      MW
45277.917,0.187,      MW
45305.869,0.189,      MW
45305.877,0.183,      MW
45305.881,0.187,      MW
45307.868,0.187,      MW
45307.87,0.187,      MW
45307.871,0.187,      MW
45317.709,0.186,      MW
45317.7111,0.186,      MW
45317.713,0.187,      MW
45578.017,0.181,      MW
45578.017,0.178,      MW
45578.0179,0.183,      MW
45582.026,0.178,      MW
45582.027,0.183,      MW
45582.028,0.186,      MW
45583.01,0.179,      MW
45583.011,0.183,      MW
45583.011,0.177,      MW
45584.0291,0.179,      MW
45584.03,0.178,      MW
45584.031,0.182,      MW
45589.002,0.173,      MW
45589.0031,0.17,      MW
45589.0031,0.177,      MW
45591.011,0.174,      MW
45591.012,0.18,      MW
45591.012,0.176,      MW
45594.991,0.181,      MW
45594.9919,0.184,      MW
45594.993,0.184,      MW
45595.9399,0.171,      MW
45595.941,0.17,      MW
45595.941,0.173,      MW
45618.021,0.185,      MW
45618.022,0.178,      MW
45618.024,0.172,      MW
45618.8719,0.173,      MW
45618.873,0.178,      MW
45618.874,0.18,      MW
45625.91,0.18,      MW
45625.911,0.183,      MW
45625.912,0.177,      MW
45646.975,0.179,      MW
45646.9771,0.175,      MW
45646.979,0.172,      MW
45655.8879,0.177,      MW
45655.89,0.176,      MW
45655.891,0.177,      MW
45666.941,0.176,      MW
45666.943,0.177,      MW
45666.944,0.178,      MW
45673.7939,0.175,      MW
45673.797,0.179,      MW
45673.8,0.178,      MW
45685.78,0.173,      MW
45685.781,0.178,      MW
45685.783,0.175,      MW
45704.827,0.176,      MW
45704.828,0.17,      MW
45704.829,0.176,      MW
45706.802,0.176,      MW
45706.803,0.173,      MW
45706.804,0.173,      MW
45723.7729,0.166,      MW
45723.775,0.161,      MW
45723.777,0.173,      MW
45725.714,0.17,      MW
45725.715,0.17,      MW
45725.717,0.173,      MW
45728.734,0.172,      MW
45728.735,0.169,      MW
45728.736,0.174,      MW
45746.6429,0.179,      MW
45746.644,0.169,      MW
45746.645,0.17,      MW
45748.623,0.171,      MW
45748.624,0.17,      MW
45748.625,0.169,      MW
45749.624,0.169,      MW
45749.625,0.171,      MW
45749.626,0.172,      MW
45750.614,0.168,      MW
45750.615,0.173,      MW
45750.616,0.171,      MW
45751.6121,0.169,      MW
45751.613,0.177,      MW
45751.614,0.17,      MW
45752.616,0.165,      MW
45752.6169,0.17,      MW
45752.618,0.17,      MW
45753.6219,0.164,      MW
45753.623,0.169,      MW
45753.624,0.167,      MW
45754.62,0.167,      MW
45754.6219,0.168,      MW
45754.6219,0.169,      MW
45756.619,0.17,      MW
45756.621,0.166,      MW
45756.623,0.171,      MW
45764.656,0.171,      MW
45764.6591,0.17,      MW
45764.661,0.169,      MW
45966.0278,0.173,      MW
45966.0286,0.172,      MW
45966.0297,0.173,      MW
45977.9542,0.179,      MW
45977.9553,0.175,      MW
45977.9564,0.176,      MW
45999.9437,0.174,      MW
45999.9456,0.175,      MW
45999.9473,0.173,      MW
46003.9315,0.176,      MW
46003.9332,0.171,      MW
46003.9354,0.177,      MW
46007.9655,0.174,      MW
46007.9667,0.174,      MW
46007.9681,0.174,      MW
46009.9351,0.183,      MW
46009.936,0.186,      MW
46009.9375,0.184,      MW
46020.9014,0.175,      MW
46020.9026,0.169,      MW
46020.9037,0.177,      MW
46022.837,0.182,      MW
46022.8384,0.177,      MW
46022.8401,0.176,      MW
46068.7527,0.187,      MW
46068.7537,0.186,      MW
46068.7546,0.184,      MW
46070.7612,0.178,      MW
46070.7625,0.182,      MW
46070.7637,0.179,      MW
46086.0305,0.179,      MW
46086.0371,0.178,      MW
46086.0435,0.179,      MW
46109.6873,0.185,      MW
46109.6892,0.185,      MW
46109.6907,0.187,      MW
46110.6409,0.185,      MW
46110.6421,0.188,      MW
46110.6431,0.183,      MW
46112.6821,0.183,      MW
46112.6831,0.183,      MW
46112.6841,0.187,      MW
46120.6714,0.176,      MW
46120.6726,0.178,      MW
46120.6738,0.172,      MW
46122.6343,0.174,      MW
46122.6353,0.174,      MW
46122.6365,0.176,      MW
46329.9875,0.198,      MW
46329.9883,0.201,      MW
46329.989,0.202,      MW
46339.9624,0.199,      MW
46339.9634,0.195,      MW
46339.9644,0.196,      MW
46341.9316,0.196,      MW
46341.9324,0.197,      MW
46341.9333,0.196,      MW
46349.9348,0.198,      MW
46349.9358,0.2,      MW
46349.937,0.2,      MW
46356.9624,0.206,      MW
46356.9631,0.204,      MW
46356.9641,0.203,      MW
46358.9287,0.206,      MW
46358.9297,0.203,      MW
46358.9304,0.202,      MW
46362.9666,0.194,      MW
46362.9675,0.202,      MW
46362.968,0.2,      MW
46365.9419,0.202,      MW
46365.9429,0.203,      MW
46365.9438,0.204,      MW
46367.9451,0.204,      MW
46367.9458,0.202,      MW
46367.9465,0.203,      MW
46370.9668,0.201,      MW
46370.9675,0.2,      MW
46370.9683,0.201,      MW
46372.9648,0.199,      MW
46372.9658,0.205,      MW
46372.9668,0.201,      MW
46374.927,0.201,      MW
46374.928,0.2,      MW
46374.929,0.198,      MW
46376.895,0.199,      MW
46376.896,0.201,      MW
46376.897,0.198,      MW
46384.9287,0.202,      MW
46384.9299,0.2,      MW
46384.9312,0.199,      MW
46389.8962,0.201,      MW
46389.8972,0.198,      MW
46389.8982,0.199,      MW
46391.896,0.201,      MW
46391.897,0.2,      MW
46391.8977,0.198,      MW
46414.8052,0.203,      MW
46414.8059,0.2,      MW
46414.8066,0.205,      MW
46417.7874,0.201,      MW
46417.7881,0.203,      MW
46417.7891,0.204,      MW
46419.8098,0.212,      MW
46419.8105,0.197,      MW
46419.8115,0.201,      MW
46421.7854,0.203,      MW
46421.7864,0.199,      MW
46421.7871,0.201,      MW
46426.8074,0.203,      MW
46426.8083,0.198,      MW
46426.8091,0.2,      MW
46437.7769,0.193,      MW
46437.7776,0.195,      MW
46437.7788,0.194,      MW
46439.7754,0.196,      MW
46439.7761,0.201,      MW
46439.7769,0.201,      MW
46442.769,0.201,      MW
46442.77,0.199,      MW
46442.771,0.197,      MW
46444.7258,0.203,      MW
46444.7268,0.197,      MW
46444.7285,0.196,      MW
46448.717,0.201,      MW
46448.718,0.198,      MW
46448.7188,0.198,      MW
46450.7556,0.204,      MW
46450.7566,0.205,      MW
46450.7576,0.202,      MW
46455.7231,0.205,      MW
46455.7239,0.209,      MW
46455.7249,0.202,      MW
46457.7468,0.207,      MW
46457.7478,0.205,      MW
46457.7485,0.206,      MW
46463.749,0.197,      MW
46463.7498,0.196,      MW
46463.7505,0.204,      MW
46467.6938,0.192,      MW
46467.6946,0.197,      MW
46467.6953,0.194,      MW
46470.708,0.19,      MW
46470.7087,0.191,      MW
46470.7097,0.198,      MW
46483.6902,0.191,      MW
46483.6909,0.193,      MW
46483.6917,0.196,      MW
46485.6475,0.197,      MW
46485.6487,0.197,      MW
46485.6497,0.196,      MW
46491.6816,0.203,      MW
46491.6826,0.198,      MW
46491.6836,0.194,      MW
46495.687,0.198,      MW
46495.6887,0.196,      MW
46495.6902,0.194,      MW
46497.6492,0.196,      MW
46497.6501,0.2,      MW
46497.6511,0.196,      MW
46686.0168,0.209,      MW
46686.0176,0.216,      MW
46686.0183,0.212,      MW
46691.0244,0.222,      MW
46691.0266,0.219,      MW
46691.0283,0.225,      MW
46706.9976,0.199,      MW
46706.9988,0.201,      MW
46706.9995,0.2,      MW
46708.9995,0.201,      MW
46709.0002,0.203,      MW
46709.0012,0.199,      MW
46711.9966,0.209,      MW
46711.9973,0.207,      MW
46711.998,0.209,      MW
46716.989,0.21,      MW
46716.99,0.211,      MW
46716.991,0.21,      MW
46720.9749,0.205,      MW
46720.9761,0.207,      MW
46720.9773,0.208,      MW
46722.9316,0.212,      MW
46722.9324,0.215,      MW
46722.9331,0.209,      MW
46725.8977,0.207,      MW
46725.8987,0.206,      MW
46725.8997,0.207,      MW
46727.8838,0.209,      MW
46727.8848,0.21,      MW
46727.8855,0.212,      MW
46731.9431,0.207,      MW
46731.9438,0.212,      MW
46731.9448,0.208,      MW
46736.9275,0.202,      MW
46736.9292,0.208,      MW
46736.9312,0.205,      MW
46740.9036,0.202,      MW
46740.9043,0.203,      MW
46740.905,0.196,      MW
46744.9106,0.196,      MW
46744.9114,0.202,      MW
46744.9121,0.192,      MW
46746.9272,0.197,      MW
46746.9282,0.194,      MW
46746.929,0.198,      MW
46755.8926,0.212,      MW
46755.8933,0.213,      MW
46755.894,0.21,      MW
46766.8726,0.231,      MW
46766.8733,0.223,      MW
46766.8743,0.225,      MW
46769.791,0.235,      MW
46769.7932,0.231,      MW
46769.7947,0.231,      MW
46772.8047,0.23,      MW
46772.8064,0.23,      MW
46772.8081,0.235,      MW
46774.8018,0.228,      MW
46774.8032,0.231,      MW
46774.8047,0.224,      MW
46776.7825,0.23,      MW
46776.7832,0.228,      MW
46776.7842,0.229,      MW
46782.813,0.219,      MW
46782.8137,0.221,      MW
46782.8145,0.214,      MW
46793.7415,0.218,      MW
46793.7429,0.226,      MW
46793.7446,0.222,      MW
46793.7463,0.227,      MW
46795.709,0.234,      MW
46795.7124,0.222,      MW
46795.7185,0.228,      MW
46798.7417,0.227,      MW
46798.7427,0.224,      MW
46798.7437,0.224,      MW
46803.7415,0.218,      MW
46803.7424,0.224,      MW
46803.7434,0.22,      MW
46805.7605,0.209,      MW
46805.7637,0.219,      MW
46805.7673,0.212,      MW
46807.7175,0.221,      MW
46807.7185,0.23,      MW
46807.7192,0.234,      MW
46810.7493,0.216,      MW
46810.7505,0.225,      MW
46810.7515,0.221,      MW
46813.6934,0.221,      MW
46813.6956,0.22,      MW
46813.6973,0.209,      MW
46816.6919,0.213,      MW
46816.6943,0.206,      MW
46816.697,0.214,      MW
46828.6907,0.235,      MW
46828.6917,0.234,      MW
46828.6926,0.225,      MW
46831.6978,0.229,      MW
46831.7,0.225,      MW
46831.7026,0.233,      MW
46843.6719,0.227,      MW
46843.6731,0.222,      MW
46843.6741,0.225,      MW
46846.6506,0.213,      MW
46846.6519,0.223,      MW
46846.6533,0.221,      MW
47054.9973,0.223,      MW
47054.998,0.233,      MW
47054.9985,0.228,      MW
47061.0208,0.228,      MW
47061.0217,0.223,      MW
47061.0225,0.226,      MW
47071.95,0.23,      MW
47071.9509,0.231,      MW
47071.9519,0.227,      MW
47075.9717,0.224,      MW
47075.9771,0.22,      MW
47075.9778,0.222,      MW
47077.9846,0.225,      MW
47077.9854,0.223,      MW
47077.9863,0.224,      MW
47082.9697,0.238,      MW
47082.9705,0.242,      MW
47082.9714,0.247,      MW
47085.9624,0.219,      MW
47085.9636,0.215,      MW
47085.9648,0.215,      MW
47087.9893,0.221,      MW
47087.9902,0.219,      MW
47087.991,0.22,      MW
47107.8997,0.235,      MW
47107.9004,0.231,      MW
47107.9014,0.228,      MW
47109.823,0.233,      MW
47109.8237,0.235,      MW
47109.8245,0.236,      MW
47118.9146,0.221,      MW
47118.9158,0.222,      MW
47118.9165,0.22,      MW
47122.884,0.225,      MW
47122.8848,0.219,      MW
47122.8855,0.227,      MW
47124.9124,0.221,      MW
47124.9133,0.223,      MW
47124.9146,0.216,      MW
47127.9192,0.222,      MW
47127.9199,0.222,      MW
47127.9207,0.224,      MW
47128.9011,0.225,      MW
47128.9019,0.227,      MW
47128.9028,0.22,      MW
47131.8469,0.223,      MW
47131.8477,0.224,      MW
47131.8486,0.224,      MW
47139.9065,0.218,      MW
47139.9072,0.219,      MW
47139.9082,0.218,      MW
47141.876,0.215,      MW
47141.8767,0.215,      MW
47141.8777,0.219,      MW
47150.7822,0.228,      MW
47150.783,0.231,      MW
47150.7837,0.234,      MW
47153.7131,0.226,      MW
47153.7141,0.228,      MW
47153.7153,0.232,      MW
47162.8364,0.222,      MW
47162.8379,0.227,      MW
47162.8396,0.221,      MW
47167.7246,0.216,      MW
47167.7253,0.216,      MW
47167.7266,0.21,      MW
47169.7329,0.217,      MW
47169.7346,0.218,      MW
47169.7356,0.215,      MW
47173.7251,0.22,      MW
47173.7261,0.209,      MW
47173.7273,0.213,      MW
47180.7036,0.222,      MW
47180.7046,0.219,      MW
47180.7061,0.222,      MW
47184.7261,0.22,      MW
47184.7271,0.228,      MW
47184.7278,0.226,      MW
47199.7378,0.218,      MW
47199.7388,0.225,      MW
47199.7397,0.224,      MW
47203.6658,0.225,      MW
47203.667,0.227,      MW
47203.6685,0.222,      MW
47205.7114,0.219,      MW
47205.7131,0.225,      MW
47205.7148,0.22,      MW
47208.6833,0.219,      MW
47208.6843,0.219,      MW
47208.6858,0.215,      MW
47214.6619,0.226,      MW
47214.6633,0.215,      MW
47214.6646,0.216,      MW
47216.636,0.221,      MW
47216.6372,0.218,      MW
47216.6384,0.218,      MW
47223.6274,0.215,      MW
47223.6284,0.217,      MW
47223.6296,0.228,      MW
47229.6663,0.218,      MW
47229.6675,0.219,      MW
47229.6685,0.221,      MW
47436.0151,0.235,      MW
47436.0166,0.229,      MW
47436.0183,0.228,      MW
47445.9326,0.22,      MW
47445.9336,0.217,      MW
47445.9343,0.221,      MW
47449.9253,0.224,      MW
47449.926,0.229,      MW
47449.927,0.223,      MW
47451.9807,0.227,      MW
47451.9822,0.223,      MW
47451.9834,0.229,      MW
47455.9373,0.225,      MW
47455.9385,0.223,      MW
47455.9395,0.227,      MW
47459.9404,0.208,      MW
47459.9417,0.213,      MW
47459.9429,0.211,      MW
47462.9617,0.207,      MW
47462.9631,0.208,      MW
47462.9646,0.207,      MW
47465.9067,0.206,      MW
47465.908,0.207,      MW
47465.9089,0.21,      MW
47470.8813,0.22,      MW
47470.8823,0.215,      MW
47470.8833,0.216,      MW
47474.8577,0.21,      MW
47474.8589,0.212,      MW
47474.8601,0.213,      MW
47478.8569,0.216,      MW
47478.8582,0.221,      MW
47478.8594,0.22,      MW
47484.9106,0.227,      MW
47484.9121,0.223,      MW
47484.9136,0.225,      MW
47492.8872,0.238,      MW
47492.8887,0.234,      MW
47492.8904,0.236,      MW
47495.7773,0.232,      MW
47495.7783,0.225,      MW
47495.7795,0.233,      MW
47499.8076,0.222,      MW
47499.8091,0.219,      MW
47499.8103,0.219,      MW
47508.7959,0.205,      MW
47508.7969,0.208,      MW
47508.7981,0.202,      MW
47517.7627,0.221,      MW
47517.7639,0.219,      MW
47517.7654,0.219,      MW
47528.7651,0.233,      MW
47528.7664,0.234,      MW
47528.7678,0.231,      MW
47537.7029,0.234,      MW
47537.7046,0.225,      MW
47537.7058,0.236,      MW
47540.6541,0.218,      MW
47540.6548,0.227,      MW
47540.6555,0.222,      MW
47542.7236,0.221,      MW
47542.7249,0.219,      MW
47542.7258,0.212,      MW
47554.6887,0.226,      MW
47554.6902,0.218,      MW
47554.6917,0.22,      MW
47569.678,0.223,      MW
47569.6792,0.232,      MW
47569.6804,0.223,      MW
47573.6555,0.219,      MW
47573.6567,0.221,      MW
47573.6577,0.228,      MW
47805.011,0.231,      MW
47805.012,0.231,      MW
47805.0132,0.226,      MW
47807.0137,0.232,      MW
47807.0146,0.228,      MW
47807.0161,0.227,      MW
47810.0132,0.231,      MW
47810.0142,0.232,      MW
47810.0154,0.231,      MW
47817.929,0.234,      MW
47817.9302,0.223,      MW
47817.9314,0.228,      MW
47832.9021,0.216,      MW
47832.9033,0.217,      MW
47832.9048,0.215,      MW
47837.9072,0.221,      MW
47837.9089,0.222,      MW
47837.9106,0.225,      MW
47845.9187,0.233,      MW
47845.9202,0.228,      MW
47845.9216,0.233,      MW
47863.8784,0.221,      MW
47863.8796,0.226,      MW
47863.8806,0.22,      MW
47869.8008,0.231,      MW
47869.802,0.227,      MW
47869.8032,0.228,      MW
47896.7651,0.218,      MW
47896.7664,0.219,      MW
47896.7676,0.218,      MW
47900.707,0.222,      MW
47900.7085,0.221,      MW
47900.71,0.221,      MW
47902.708,0.223,      MW
47902.7095,0.224,      MW
47902.7109,0.223,      MW
47910.7458,0.224,      MW
47910.7471,0.225,      MW
47910.7483,0.228,      MW
47928.6826,0.228,      MW
47928.6838,0.232,      MW
47928.6855,0.23,      MW
47933.6611,0.232,      MW
47933.6621,0.231,      MW
47933.6633,0.227,      MW
47942.6702,0.218,      MW
47942.6714,0.22,      MW
47942.6724,0.218,      MW
48166.9692,0.217,      MW
48166.9712,0.223,      MW
48166.9727,0.22,      MW
48187.9224,0.213,      MW
48187.9238,0.218,      MW
48187.9253,0.214,      MW
48192.98,0.207,      MW
48192.9819,0.216,      MW
48192.9834,0.214,      MW
48208.8569,0.217,      MW
48208.8579,0.214,      MW
48208.8594,0.214,      MW
48217.8687,0.217,      MW
48217.8701,0.221,      MW
48217.8711,0.221,      MW
48223.8682,0.207,      MW
48223.8696,0.202,      MW
48223.8711,0.207,      MW
48228.793,0.208,      MW
48228.7944,0.206,      MW
48228.7959,0.212,      MW
48244.7598,0.22,      MW
48244.7612,0.222,      MW
48244.7622,0.22,      MW
48256.7446,0.216,      MW
48256.7461,0.213,      MW
48256.7476,0.214,      MW
48267.7173,0.213,      MW
48267.7188,0.21,      MW
48267.7202,0.214,      MW
48271.7271,0.213,      MW
48271.7285,0.215,      MW
48271.7305,0.213,      MW
48275.7197,0.214,      MW
48275.7212,0.217,      MW
48275.7222,0.218,      MW
48279.7339,0.208,      MW
48279.7358,0.209,      MW
48279.7378,0.206,      MW
48283.6934,0.211,      MW
48283.6953,0.211,      MW
48283.6973,0.207,      MW
48285.7075,0.21,      MW
48285.709,0.206,      MW
48285.71,0.206,      MW
48296.6504,0.207,      MW
48296.6519,0.206,      MW
48296.6528,0.211,      MW
48300.6548,0.201,      MW
48300.6562,0.202,      MW
48300.6582,0.2,      MW
48308.6406,0.213,      MW
48308.6426,0.208,      MW
48308.645,0.214,      MW
48311.6411,0.21,      MW
48311.6426,0.213,      MW
48311.644,0.212,      MW
48638.6714,0.197,      MW
48638.6729,0.202,      MW
48638.6748,0.194,      MW
48643.6738,0.192,      MW
48643.6753,0.196,      MW
48643.6763,0.194,      MW
48646.7012,0.193,      MW
48646.7026,0.198,      MW
48646.7046,0.186,      MW
48649.6826,0.19,      MW
48649.6841,0.195,      MW
48649.6855,0.197,      MW
48653.6885,0.191,      MW
48653.6904,0.192,      MW
48653.6924,0.195,      MW
48656.6587,0.193,      MW
48656.6602,0.193,      MW
48656.6616,0.192,      MW
48694.6382,0.193,      MW
48694.6401,0.196,      MW
48694.6411,0.19,      MW
48911.9785,0.187,      MW
48911.98,0.188,      MW
48911.9814,0.191,      MW
48913.9736,0.189,      MW
48913.9751,0.192,      MW
48913.9766,0.189,      MW
48915.9761,0.188,      MW
48915.978,0.186,      MW
48915.9795,0.191,      MW
48927.9429,0.191,      MW
48927.9448,0.194,      MW
48927.9463,0.194,      MW
48933.917,0.188,      MW
48933.9185,0.19,      MW
48933.9199,0.188,      MW
48938.8906,0.187,      MW
48938.8921,0.185,      MW
48938.8931,0.183,      MW
48940.9019,0.188,      MW
48940.9028,0.188,      MW
48940.9048,0.186,      MW
48949.8945,0.188,      MW
48949.8955,0.19,      MW
48949.897,0.19,      MW
48957.8511,0.189,      MW
48957.8525,0.188,      MW
48957.854,0.19,      MW
48967.8462,0.187,      MW
48967.8477,0.182,      MW
48967.8486,0.186,      MW
48971.8564,0.187,      MW
48971.8579,0.189,      MW
48971.8594,0.183,      MW
48973.814,0.182,      MW
48973.8154,0.184,      MW
48973.8164,0.186,      MW
48976.8115,0.188,      MW
48976.813,0.187,      MW
48976.8145,0.189,      MW
48979.793,0.184,      MW
48979.7944,0.182,      MW
48979.7964,0.183,      MW
48991.7729,0.186,      MW
48991.7744,0.185,      MW
48991.7754,0.187,      MW
49010.7285,0.185,      MW
49010.73,0.192,      MW
49010.731,0.19,      MW
49019.6948,0.187,      MW
49019.6963,0.191,      MW
49019.6978,0.186,      MW
49279.9722,0.176,      MW
49279.9741,0.175,      MW
49279.9761,0.177,      MW
49294.9316,0.173,      MW
49294.9331,0.17,      MW
49294.9346,0.172,      MW
49297.8931,0.172,      MW
49297.8945,0.172,      MW
49297.8965,0.175,      MW
49299.8545,0.175,      MW
49299.8555,0.176,      MW
49299.8564,0.173,      MW
49304.8647,0.172,      MW
49304.8657,0.174,      MW
49304.8672,0.173,      MW
49309.8174,0.178,      MW
49309.8188,0.178,      MW
49309.8203,0.181,      MW
49311.812,0.176,      MW
49311.813,0.181,      MW
49311.814,0.177,      MW
49325.7598,0.173,      MW
49325.7612,0.175,      MW
49325.7622,0.176,      MW
49327.7827,0.173,      MW
49327.7847,0.172,      MW
49327.7866,0.169,      MW
49331.7988,0.167,      MW
49331.8008,0.17,      MW
49331.8027,0.169,      MW
49332.7725,0.169,      MW
49332.7744,0.168,      MW
49332.7759,0.171,      MW
49342.7573,0.172,      MW
49342.7588,0.171,      MW
49342.7603,0.171,      MW
49344.7476,0.172,      MW
49344.749,0.174,      MW
49344.7505,0.171,      MW
49350.7119,0.179,      MW
49350.7134,0.178,      MW
49350.7148,0.178,      MW
49355.7344,0.178,      MW
49355.7363,0.177,      MW
49355.7378,0.178,      MW
49360.7075,0.176,      MW
49360.709,0.176,      MW
49360.71,0.175,      MW
49362.6987,0.174,      MW
49362.7007,0.175,      MW
49362.7021,0.175,      MW
49365.7173,0.17,      MW
49365.7183,0.171,      MW
49365.7197,0.174,      MW
49368.7368,0.172,      MW
49368.7383,0.174,      MW
49368.7397,0.174,      MW
49394.6577,0.174,      MW
49394.6587,0.176,      MW
49394.6602,0.176,      MW
49399.6748,0.175,      MW
49635.9067,0.179,      MW
49635.9082,0.175,      MW
49635.9092,0.173,      MW
49642.9351,0.172,      MW
49642.936,0.169,      MW
49642.937,0.17,      MW
49643.9126,0.172,      MW
49643.9141,0.168,      MW
49643.915,0.165,      MW
49645.9155,0.169,      MW
49645.9165,0.168,      MW
49645.918,0.171,      MW
49648.8564,0.17,      MW
49648.8574,0.173,      MW
49648.8589,0.17,      MW
49652.8989,0.172,      MW
49652.8999,0.171,      MW
49652.9014,0.169,      MW
49654.8931,0.177,      MW
49654.894,0.175,      MW
49654.895,0.175,      MW
49656.8843,0.173,      MW
49656.8853,0.176,      MW
49656.8862,0.171,      MW
49658.9106,0.177,      MW
49658.9121,0.176,      MW
49658.9131,0.175,      MW
49660.8662,0.181,      MW
49660.8677,0.178,      MW
49660.8696,0.181,      MW
49668.8794,0.179,      MW
49668.8804,0.175,      MW
49668.8818,0.177,      MW
49670.8726,0.176,      MW
49670.874,0.174,      MW
49670.875,0.176,      MW
49676.8511,0.172,      MW
49676.8525,0.173,      MW
49676.8535,0.175,      MW
49680.8447,0.169,      MW
49680.8462,0.17,      MW
49680.8472,0.168,      MW
49689.7993,0.171,      MW
49689.8003,0.174,      MW
49689.8018,0.172,      MW
49694.8438,0.176,      MW
49694.8452,0.175,      MW
49694.8462,0.172,      MW
49696.8032,0.173,      MW
49696.8047,0.168,      MW
49696.8057,0.173,      MW
49697.8203,0.177,      MW
49697.8218,0.169,      MW
49697.8228,0.174,      MW
49702.8423,0.179,      MW
49702.8438,0.18,      MW
49702.8447,0.178,      MW
49707.7739,0.177,      MW
49707.7754,0.18,      MW
49707.7764,0.177,      MW
49713.7656,0.176,      MW
49713.7666,0.175,      MW
49713.7681,0.176,      MW
49716.7588,0.173,      MW
49716.7603,0.175,      MW
49716.7612,0.173,      MW
49719.7534,0.174,      MW
49719.7549,0.172,      MW
49719.7559,0.176,      MW
49730.7251,0.172,      MW
49730.7266,0.173,      MW
49730.7275,0.172,      MW
49735.7275,0.176,      MW
49735.729,0.171,      MW
49735.73,0.173,      MW
49747.6826,0.18,      MW
49747.6836,0.181,      MW
49747.6851,0.18,      MW
49750.6875,0.175,      MW
49750.689,0.176,      MW
49750.6899,0.183,      MW
49752.6821,0.183,      MW
49752.6836,0.179,      MW
49752.6846,0.184,      MW
49755.6772,0.169,      MW
49755.6787,0.166,      MW
49755.6802,0.165,      MW
49758.6943,0.175,      MW
49758.6953,0.181,      MW
49758.6968,0.186,      MW
49766.665,0.178,      MW
49766.6665,0.174,      MW
49766.6675,0.172,      MW
49768.6655,0.174,      MW
49768.6665,0.167,      MW
49768.668,0.17,      MW
49771.644,0.171,      MW
49771.645,0.172,      MW
49771.6465,0.173,      MW
52939.3022,0.181,   HARPS
52939.3029,0.182,   HARPS
52939.3036,0.183,   HARPS
52939.3043,0.18,   HARPS
52939.305,0.179,   HARPS
52940.2642,0.182,   HARPS
52945.259,0.178,   HARPS
52945.2867,0.176,   HARPS
52945.2874,0.179,   HARPS
52945.2881,0.179,   HARPS
52945.2889,0.177,   HARPS
52945.2896,0.179,   HARPS
52946.2865,0.18,   HARPS
52996.1426,0.183,   HARPS
52996.1433,0.184,   HARPS
52996.1441,0.184,   HARPS
52996.1448,0.185,   HARPS
52996.1455,0.186,   HARPS
52996.1462,0.187,   HARPS
52997.1552,0.185,   HARPS
53016.1099,0.175,   HARPS
53028.0233,0.174,   HARPS
53028.024,0.176,   HARPS
53028.0248,0.178,   HARPS
53028.0255,0.177,   HARPS
53028.0263,0.177,   HARPS
53028.027,0.181,   HARPS
53031.0148,0.172,   HARPS
53031.0155,0.174,   HARPS
53031.017,0.17,   HARPS
53031.0177,0.175,   HARPS
53031.0184,0.175,   HARPS
53031.0191,0.176,   HARPS
53031.0199,0.174,   HARPS
53031.0206,0.171,   HARPS
53034.0374,0.181,   HARPS
53034.0381,0.181,   HARPS
53034.0388,0.182,   HARPS
53034.0395,0.18,   HARPS
53034.0402,0.179,   HARPS
53034.0409,0.181,   HARPS
53040.0848,0.172,   HARPS
53040.0855,0.175,   HARPS
53040.0862,0.172,   HARPS
53040.0869,0.172,   HARPS
53040.0876,0.174,   HARPS
53040.0884,0.171,   HARPS
53040.1039,0.167,   HARPS
53040.1046,0.168,   HARPS
53040.106,0.165,   HARPS
53040.1067,0.167,   HARPS
53046.0256,0.171,   HARPS
53046.0263,0.173,   HARPS
53046.027,0.172,   HARPS
53046.0277,0.169,   HARPS
53046.0284,0.176,   HARPS
53046.0291,0.173,   HARPS
53050.0215,0.171,   HARPS
53050.0222,0.172,   HARPS
53050.023,0.17,   HARPS
53050.0237,0.17,   HARPS
53050.0244,0.172,   HARPS
53050.0251,0.174,   HARPS
53056.0314,0.178,   HARPS
53060.0564,0.176,   HARPS
53061.0193,0.159,   HARPS
53061.02,0.168,   HARPS
53061.0207,0.165,   HARPS
53061.0214,0.164,   HARPS
53061.0221,0.168,   HARPS
53061.0229,0.166,   HARPS
53066.0239,0.161,   HARPS
53066.0246,0.159,   HARPS
53066.0253,0.162,   HARPS
53191.4342,0.174,   HARPS
53191.4351,0.171,   HARPS
53191.4361,0.174,   HARPS
53191.437,0.173,   HARPS
53191.438,0.175,   HARPS
53191.4389,0.17,   HARPS
53237.3858,0.181,   HARPS
53237.3867,0.18,   HARPS
53237.3877,0.179,   HARPS
53237.3887,0.181,   HARPS
53237.3896,0.179,   HARPS
53271.3682,0.177,   HARPS
53271.37,0.175,   HARPS
53271.3717,0.177,   HARPS
53271.3735,0.177,   HARPS
53271.3752,0.177,   HARPS
53271.377,0.177,   HARPS
53271.3787,0.176,   HARPS
53272.3783,0.176,   HARPS
53272.3792,0.177,   HARPS
53272.3801,0.177,   HARPS
53272.3811,0.176,   HARPS
53298.3629,0.176,   HARPS
53298.3638,0.177,   HARPS
53298.3648,0.176,   HARPS
53298.3658,0.177,   HARPS
53298.3667,0.176,   HARPS
53298.3676,0.177,   HARPS
53298.3685,0.176,   HARPS
53298.3695,0.175,   HARPS
53321.2011,0.174,   HARPS
53321.202,0.173,   HARPS
53321.203,0.173,   HARPS
53321.2039,0.173,   HARPS
53321.2048,0.173,   HARPS
53321.2058,0.173,   HARPS
53321.2067,0.172,   HARPS
53321.2076,0.173,   HARPS
53347.1464,0.176,   HARPS
53347.1473,0.176,   HARPS
53347.1483,0.177,   HARPS
53347.1492,0.176,   HARPS
53347.1501,0.175,   HARPS
53347.1511,0.175,   HARPS
53347.152,0.175,   HARPS
53347.153,0.177,   HARPS
53413.0217,0.179,   HARPS
53413.0226,0.179,   HARPS
53413.0236,0.179,   HARPS
53413.0245,0.178,   HARPS
53413.0255,0.165,   HARPS
53413.0264,0.18,   HARPS
53413.0274,0.18,   HARPS
53413.0283,0.18,   HARPS
53413.0293,0.18,   HARPS
53413.0302,0.179,   HARPS
53413.0311,0.179,   HARPS
53413.0321,0.181,   HARPS
53413.033,0.179,   HARPS
53413.0339,0.177,   HARPS
53413.0349,0.179,   HARPS
53413.0358,0.179,   HARPS
53413.0368,0.177,   HARPS
53413.0377,0.176,   HARPS
53413.0386,0.179,   HARPS
53413.0396,0.179,   HARPS
53413.0406,0.179,   HARPS
53413.0415,0.179,   HARPS
53413.0424,0.18,   HARPS
53442.0328,0.172,   HARPS
53442.0338,0.171,   HARPS
53442.0347,0.174,   HARPS
53442.0357,0.177,   HARPS
53442.0367,0.175,   HARPS
53442.0376,0.175,   HARPS
53442.0386,0.177,   HARPS
53442.0395,0.175,   HARPS
53442.0405,0.174,   HARPS
53624.3127,0.181,   HARPS
53624.3136,0.183,   HARPS
53624.3146,0.183,   HARPS
53624.3155,0.182,   HARPS
53624.3164,0.182,   HARPS
53624.3174,0.182,   HARPS
53624.3183,0.183,   HARPS
53624.3192,0.179,   HARPS
53730.1482,0.183,   HARPS
53730.1491,0.182,   HARPS
53730.15,0.183,   HARPS
53730.151,0.184,   HARPS
53730.1519,0.183,   HARPS
53730.1529,0.183,   HARPS
53730.1538,0.183,   HARPS
53730.1547,0.183,   HARPS
53731.1303,0.183,   HARPS
53731.1313,0.183,   HARPS
53731.1322,0.184,   HARPS
53731.1331,0.184,   HARPS
53731.1341,0.183,   HARPS
53731.135,0.183,   HARPS
53731.1359,0.183,   HARPS
53731.1369,0.183,   HARPS
53732.1008,0.184,   HARPS
53732.1017,0.184,   HARPS
53732.1026,0.184,   HARPS
53732.1036,0.183,   HARPS
53732.1045,0.184,   HARPS
53732.1055,0.184,   HARPS
53732.1064,0.184,   HARPS
53732.1073,0.183,   HARPS
53766.0918,0.185,   HARPS
53766.0928,0.185,   HARPS
53766.0937,0.186,   HARPS
53766.0947,0.186,   HARPS
53766.0956,0.185,   HARPS
53766.0966,0.184,   HARPS
53766.0976,0.186,   HARPS
53766.0986,0.186,   HARPS
53766.0995,0.185,   HARPS
53766.1005,0.186,   HARPS
53766.1014,0.185,   HARPS
53766.1024,0.185,   HARPS
53766.1034,0.186,   HARPS
53766.1043,0.187,   HARPS
53766.1053,0.186,   HARPS
53766.1063,0.186,   HARPS
53766.1072,0.185,   HARPS
53766.1082,0.185,   HARPS
53766.1092,0.185,   HARPS
53766.1101,0.187,   HARPS
53766.1111,0.186,   HARPS
53766.1121,0.185,   HARPS
53766.113,0.186,   HARPS
53778.0857,0.185,   HARPS
53778.0867,0.186,   HARPS
53778.0877,0.186,   HARPS
53778.0886,0.185,   HARPS
53778.0896,0.185,   HARPS
53778.0906,0.185,   HARPS
53778.0915,0.185,   HARPS
53778.0925,0.184,   HARPS
53778.1069,0.185,   HARPS
53778.1079,0.184,   HARPS
53778.1088,0.185,   HARPS
53804.0561,0.187,   HARPS
53804.0571,0.186,   HARPS
53804.0581,0.186,   HARPS
53804.0591,0.185,   HARPS
53804.06,0.187,   HARPS
53804.061,0.186,   HARPS
53804.062,0.187,   HARPS
53804.063,0.186,   HARPS
53804.064,0.187,   HARPS
53808.9955,0.185,   HARPS
53808.9963,0.185,   HARPS
53808.997,0.187,   HARPS
53808.9978,0.187,   HARPS
53808.9986,0.188,   HARPS
53808.9993,0.188,   HARPS
53809.0002,0.184,   HARPS
53809.0009,0.186,   HARPS
53809.0017,0.187,   HARPS
53809.0024,0.186,   HARPS
53809.0032,0.185,   HARPS
53809.004,0.184,   HARPS
53809.0048,0.188,   HARPS
53809.0056,0.187,   HARPS
53809.0064,0.186,   HARPS
53809.0072,0.188,   HARPS
53809.008,0.188,   HARPS
53809.0087,0.185,   HARPS
53809.0095,0.186,   HARPS
53809.0102,0.186,   HARPS
53809.996,0.186,   HARPS
53809.9975,0.187,   HARPS
53809.9989,0.187,   HARPS
53810.0004,0.187,   HARPS
53810.0018,0.187,   HARPS
53810.0033,0.186,   HARPS
53810.0047,0.186,   HARPS
53810.0062,0.187,   HARPS
53810.0076,0.187,   HARPS
53813.9913,0.186,   HARPS
53813.9931,0.187,   HARPS
53813.9949,0.187,   HARPS
53813.9967,0.188,   HARPS
53813.9985,0.188,   HARPS
53814.0003,0.187,   HARPS
53816.0019,0.187,   HARPS
53816.0037,0.187,   HARPS
53816.0055,0.188,   HARPS
53816.0073,0.187,   HARPS
53816.0091,0.187,   HARPS
53816.0108,0.187,   HARPS
54046.1684,0.19,   HARPS
54046.1693,0.19,   HARPS
54046.1704,0.19,   HARPS
54046.1714,0.189,   HARPS
54046.1724,0.189,   HARPS
54046.1733,0.189,   HARPS
54046.1743,0.19,   HARPS
54046.1753,0.19,   HARPS
54046.1763,0.189,   HARPS
54046.1773,0.19,   HARPS
54048.2923,0.192,   HARPS
54054.2927,0.19,   HARPS
54080.1861,0.195,   HARPS
54080.1878,0.195,   HARPS
54080.1896,0.194,   HARPS
54080.1913,0.195,   HARPS
54080.1931,0.195,   HARPS
54080.1948,0.194,   HARPS
54098.1024,0.191,   HARPS
54098.1034,0.19,   HARPS
54098.1043,0.19,   HARPS
54098.1052,0.191,   HARPS
54098.1062,0.193,   HARPS
54098.1071,0.191,   HARPS
54098.108,0.191,   HARPS
54098.109,0.191,   HARPS
54134.0667,0.189,   HARPS
54134.0677,0.188,   HARPS
54134.0686,0.187,   HARPS
54134.0695,0.189,   HARPS
54134.0705,0.188,   HARPS
54134.0714,0.189,   HARPS
54134.0724,0.189,   HARPS
54134.0733,0.189,   HARPS
54161.1,0.212,   HARPS
54161.101,0.21,   HARPS
54161.1019,0.21,   HARPS
54161.1028,0.207,   HARPS
54161.1038,0.209,   HARPS
54161.1047,0.207,   HARPS
54161.1056,0.208,   HARPS
54161.1066,0.208,   HARPS
54339.3769,0.206,   HARPS
54339.3779,0.205,   HARPS
54339.3788,0.204,   HARPS
54339.3798,0.204,   HARPS
54339.3807,0.205,   HARPS
54339.3817,0.206,   HARPS
54339.3826,0.204,   HARPS
54339.3835,0.205,   HARPS
54339.3852,0.204,   HARPS
54339.3862,0.205,   HARPS
54339.3871,0.206,   HARPS
54339.388,0.206,   HARPS
54339.389,0.205,   HARPS
54339.3899,0.206,   HARPS
54384.3164,0.201,   HARPS
54384.3174,0.201,   HARPS
54384.3184,0.202,   HARPS
54384.3194,0.203,   HARPS
54384.3204,0.204,   HARPS
54384.3214,0.203,   HARPS
54384.3224,0.203,   HARPS
54384.3234,0.202,   HARPS
54410.1882,0.214,   HARPS
54410.1892,0.212,   HARPS
54410.1902,0.212,   HARPS
54410.1911,0.213,   HARPS
54410.1921,0.212,   HARPS
54410.1931,0.212,   HARPS
54410.194,0.215,   HARPS
54410.195,0.213,   HARPS
54410.196,0.213,   HARPS
54410.197,0.213,   HARPS
54437.2392,0.204,   HARPS
54437.2402,0.204,   HARPS
54437.2412,0.204,   HARPS
54437.2422,0.203,   HARPS
54437.2433,0.204,   HARPS
54437.2443,0.204,   HARPS
54437.2453,0.205,   HARPS
54437.2463,0.204,   HARPS
54512.1147,0.218,   HARPS
54512.1157,0.22,   HARPS
54512.1166,0.219,   HARPS
54512.1176,0.214,   HARPS
54512.1185,0.214,   HARPS
54512.1195,0.215,   HARPS
54512.1204,0.214,   HARPS
54512.1213,0.214,   HARPS
54520.0517,0.205,   HARPS
54520.0526,0.206,   HARPS
54520.0536,0.206,   HARPS
54520.0545,0.203,   HARPS
54520.0555,0.205,   HARPS
54520.0564,0.206,   HARPS
54520.0574,0.204,   HARPS
54520.0583,0.204,   HARPS
54686.3491,0.228,   HARPS
54686.3501,0.228,   HARPS
54686.351,0.23,   HARPS
54686.352,0.228,   HARPS
54686.3529,0.228,   HARPS
54686.3539,0.229,   HARPS
54686.3548,0.23,   HARPS
54686.3558,0.229,   HARPS
54686.3567,0.229,   HARPS
54715.3552,0.221,   HARPS
54715.3561,0.221,   HARPS
54715.3571,0.221,   HARPS
54715.358,0.22,   HARPS
54715.359,0.223,   HARPS
54715.3599,0.224,   HARPS
54715.3609,0.221,   HARPS
54715.3618,0.223,   HARPS
54715.3627,0.22,   HARPS
55066.4197,0.215,   HARPS
55066.4224,0.215,   HARPS
55066.4251,0.215,   HARPS
55066.4278,0.214,   HARPS
55835.2858,0.202,   HARPS
55835.2885,0.201,   HARPS
55835.2912,0.201,   HARPS
55835.2939,0.202,   HARPS
55838.2226,0.198,   HARPS
55838.2265,0.198,   HARPS
55838.2303,0.198,   HARPS
55842.3129,0.197,   HARPS
55842.3156,0.197,   HARPS
55842.3183,0.197,   HARPS
55874.2822,0.196,   HARPS
55874.2843,0.197,   HARPS
55874.2864,0.196,   HARPS
55874.2885,0.195,   HARPS
55874.2906,0.197,   HARPS
55874.2927,0.197,   HARPS
55878.195,0.189,   HARPS
55878.1971,0.188,   HARPS
55878.1992,0.189,   HARPS
55878.2013,0.189,   HARPS
55878.2034,0.189,   HARPS
55878.2055,0.189,   HARPS
55880.2001,0.191,   HARPS
55880.2022,0.191,   HARPS
55880.2043,0.191,   HARPS
55880.2064,0.192,   HARPS
55880.2085,0.191,   HARPS
55880.2106,0.192,   HARPS
55892.1399,0.19,   HARPS
55892.1415,0.189,   HARPS
55892.143,0.19,   HARPS
55892.1445,0.19,   HARPS
55892.1461,0.19,   HARPS
55892.1476,0.191,   HARPS
55892.1491,0.191,   HARPS
55892.1506,0.19,   HARPS
55899.1507,0.201,   HARPS
55899.1706,0.202,   HARPS
55899.1721,0.203,   HARPS
55899.1736,0.203,   HARPS
55899.1751,0.202,   HARPS
55899.1767,0.203,   HARPS
55899.1782,0.203,   HARPS
55901.199,0.206,   HARPS
55902.284,0.208,   HARPS
55902.2849,0.205,   HARPS
55902.2859,0.203,   HARPS
55902.2868,0.207,   HARPS
55902.2878,0.204,   HARPS
55902.2887,0.204,   HARPS
55902.2897,0.206,   HARPS
55902.2906,0.208,   HARPS
56189.3497,0.191,   HARPS
56189.3553,0.191,   HARPS
56195.2935,0.19,   HARPS
56195.2974,0.191,   HARPS
56195.3012,0.19,   HARPS
56201.3061,0.192,   HARPS
56201.3088,0.19,   HARPS
56201.3115,0.191,   HARPS
56619.1497,0.18,   HARPS
56619.1514,0.179,   HARPS
56619.1532,0.18,   HARPS
56619.155,0.179,   HARPS
56619.1567,0.178,   HARPS
56619.1585,0.179,   HARPS
56626.2343,0.178,   HARPS
56626.2382,0.178,   HARPS
56626.242,0.178,   HARPS
56629.2183,0.181,   HARPS
56629.2204,0.18,   HARPS
56629.2226,0.18,   HARPS
56629.2247,0.181,   HARPS
56629.2268,0.181,   HARPS
56629.2289,0.181,   HARPS
56631.1812,0.182,   HARPS
56631.1868,0.181,   HARPS
56712.0803,0.182,   HARPS
56712.0841,0.182,   HARPS
56712.088,0.182,   HARPS
56713.0622,0.182,   HARPS
56713.066,0.182,   HARPS
56713.0698,0.182,   HARPS
56714.0687,0.184,   HARPS
56714.0725,0.183,   HARPS
56714.0764,0.183,   HARPS
56715.0636,0.183,   HARPS
56715.0657,0.182,   HARPS
56715.0678,0.183,   HARPS
56715.0699,0.183,   HARPS
56715.072,0.183,   HARPS
56715.0741,0.182,   HARPS
56718.0544,0.181,   HARPS
56718.0565,0.18,   HARPS
56718.0586,0.183,   HARPS
56718.0607,0.182,   HARPS
56718.0628,0.182,   HARPS
56718.0649,0.181,   HARPS
56727.0194,0.177,   HARPS
56727.025,0.176,   HARPS
56729.9974,0.176,   HARPS
56730.0012,0.176,   HARPS
56730.005,0.176,   HARPS
56895.3767,0.184,   HARPS
56895.3805,0.183,   HARPS
56895.3844,0.183,   HARPS
56903.4017,0.192,   HARPS
56903.4042,0.192,   HARPS
56903.4066,0.193,   HARPS
56903.4091,0.192,   HARPS
56903.4116,0.192,   HARPS
56927.328,0.18,   HARPS
56927.3302,0.18,   HARPS
56927.3323,0.179,   HARPS
56927.3344,0.18,   HARPS
56927.3365,0.179,   HARPS
56927.3386,0.179,   HARPS
56929.3489,0.18,   HARPS
56929.3513,0.18,   HARPS
56929.3538,0.181,   HARPS
56929.3562,0.181,   HARPS
56929.3587,0.18,   HARPS
57020.0982,0.189,   HARPS
57020.1017,0.189,   HARPS
57020.1052,0.189,   HARPS
57038.1225,0.179,   HARPS
57038.1246,0.179,   HARPS
57038.1267,0.18,   HARPS
57038.1288,0.179,   HARPS
57039.0599,0.178,   HARPS
57039.061,0.179,   HARPS
57039.062,0.179,   HARPS
57039.0631,0.178,   HARPS
57039.0642,0.179,   HARPS
57039.0652,0.179,   HARPS
57039.0663,0.178,   HARPS
57039.0674,0.179,   HARPS
57274.3578,0.187,   HARPS
57274.3605,0.186,   HARPS
57274.3632,0.187,   HARPS
57274.3658,0.187,   HARPS
57277.3456,0.185,   HARPS
57277.3477,0.187,   HARPS
57277.3497,0.185,   HARPS
57277.3518,0.185,   HARPS
57277.3539,0.185,   HARPS
57277.356,0.186,   HARPS
57295.3259,0.202,   HARPS
57295.3272,0.202,   HARPS
57295.3285,0.202,   HARPS
57295.3297,0.202,   HARPS
57295.331,0.202,   HARPS
57295.3323,0.2,   HARPS
57295.3336,0.202,   HARPS
57295.3349,0.203,   HARPS
57305.3531,0.202,   HARPS
57305.3552,0.203,   HARPS
57305.3573,0.203,   HARPS
57305.3594,0.202,   HARPS
57305.3615,0.201,   HARPS
57305.3636,0.202,   HARPS
57308.3063,0.198,   HARPS
57308.3078,0.199,   HARPS
57308.3094,0.198,   HARPS
57308.3109,0.198,   HARPS
57308.3124,0.198,   HARPS
57308.3139,0.198,   HARPS
57308.3154,0.198,   HARPS
57308.3169,0.2,   HARPS
57308.3184,0.198,   HARPS
57327.2102,0.216,   HARPS
57327.2141,0.216,   HARPS
57327.2179,0.216,   HARPS
57336.2612,0.209,   HARPS
57339.2228,0.204,   HARPS
57339.2268,0.204,   HARPS
57340.2063,0.203,   HARPS
57340.2101,0.203,   HARPS
57341.3011,0.202,   HARPS
57341.305,0.201,   HARPS
57341.3143,0.201,   HARPS
57359.2284,0.204,   HARPS
57359.2322,0.203,   HARPS
57359.2758,0.205,   HARPS
57359.2796,0.204,   HARPS
57360.2224,0.206,   HARPS
57360.2263,0.206,   HARPS
57361.2476,0.207,   HARPS
57361.2515,0.206,   HARPS
57362.2508,0.205,   HARPS
57391.1553,0.199,   HARPS
57391.1566,0.199,   HARPS
57391.1579,0.198,   HARPS
57391.1592,0.198,   HARPS
57391.1605,0.199,   HARPS
57391.1617,0.197,   HARPS
57391.163,0.198,   HARPS
57391.1643,0.198,   HARPS
57391.1656,0.198,   HARPS
57432.086,0.198,   HARPS
57432.0898,0.198,   HARPS
57432.0937,0.198,   HARPS
57462.9981,0.192,   HARPS
57463.0005,0.192,   HARPS
57470.0044,0.2,   HARPS
57470.0073,0.2,   HARPS
57470.0103,0.2,   HARPS
57470.0133,0.199,   HARPS
52235.333,0.179,    Keck
52236.3555,0.189,    Keck
52237.3981,0.168,    Keck
52307.2376,0.178,    Keck
52536.4996,0.161,    Keck
52601.493,0.181,    Keck
52855.634,0.163,    Keck
52855.6354,0.161,    Keck
53239.6284,0.172,    Keck
53302.4525,0.158,    Keck
53302.4531,0.157,    Keck
53339.4646,0.172,    Keck
53339.4654,0.177,    Keck
53339.4661,0.177,    Keck
53368.4671,0.166,    Keck
53368.4677,0.168,    Keck
53368.4683,0.17,    Keck
53426.3046,0.168,    Keck
53426.3052,0.162,    Keck
53426.3059,0.167,    Keck
53692.4345,0.162,    Keck
53692.4353,0.158,    Keck
53692.4362,0.161,    Keck
53692.4377,0.163,    Keck
53692.4383,0.161,    Keck
53692.5431,0.161,    Keck
53692.5439,0.156,    Keck
53692.5445,0.16,    Keck
53693.5548,0.156,    Keck
53693.5554,0.153,    Keck
53693.5561,0.152,    Keck
53694.4465,0.162,    Keck
53694.4471,0.157,    Keck
53694.4476,0.158,    Keck
53694.4523,0.168,    Keck
53694.4529,0.167,    Keck
53694.4535,0.165,    Keck
53695.3169,0.168,    Keck
53695.3175,0.162,    Keck
53695.3181,0.161,    Keck
53696.408,0.165,    Keck
53696.4086,0.162,    Keck
53696.4092,0.164,    Keck
53724.4343,0.167,    Keck
53724.4349,0.165,    Keck
53724.4355,0.166,    Keck
53724.4362,0.165,    Keck
53724.4368,0.166,    Keck
54396.3975,0.195,    Keck
54397.5135,0.19,    Keck
54399.469,0.193,    Keck
54399.4697,0.197,    Keck
54429.453,0.187,    Keck
54453.3427,0.197,    Keck
54453.3472,0.193,    Keck
54454.3624,0.19,    Keck
54454.3631,0.19,    Keck
54455.5207,0.204,    Keck
54458.5342,0.193,    Keck
54460.317,0.187,    Keck
54461.3528,0.174,    Keck
54461.3548,0.177,    Keck
54490.3166,0.182,    Keck
54491.3377,0.195,    Keck
54544.2993,0.226,    Keck
54545.2364,0.191,    Keck
54546.2316,0.196,    Keck
54689.6395,0.205,    Keck
54689.6401,0.2,    Keck
54701.6363,0.178,    Keck
54778.4466,0.19,    Keck
54778.4471,0.185,    Keck
54778.4477,0.187,    Keck
54779.5009,0.189,    Keck
54779.5015,0.183,    Keck
54779.5021,0.184,    Keck
54810.471,0.188,    Keck
54819.5521,0.218,    Keck
54819.5527,0.192,    Keck
54819.5535,0.207,    Keck
54819.5543,0.194,    Keck
54819.5549,0.205,    Keck
54820.3481,0.191,    Keck
54820.3496,0.196,    Keck
54820.3508,0.189,    Keck
54820.3523,0.191,    Keck
54821.3626,0.193,    Keck
54821.3632,0.199,    Keck
54821.3638,0.194,    Keck
54821.3644,0.191,    Keck
54821.3651,0.192,    Keck
54821.3657,0.198,    Keck
54821.3663,0.193,    Keck
54821.3669,0.19,    Keck
54822.3627,0.203,    Keck
54822.3633,0.197,    Keck
54822.3639,0.2,    Keck
54822.3645,0.202,    Keck
54822.3652,0.201,    Keck
54822.3658,0.203,    Keck
54822.3663,0.203,    Keck
54864.4042,0.235,    Keck
54864.4048,0.216,    Keck
54864.4054,0.219,    Keck
54867.227,0.198,    Keck
54867.2286,0.203,    Keck
54872.3676,0.209,    Keck
54872.3687,0.222,    Keck
54872.3696,0.209,    Keck
54872.3705,0.206,    Keck
54872.3715,0.207,    Keck
54872.3724,0.21,    Keck
54928.2218,0.224,    Keck
54929.2183,0.2,    Keck
55110.5772,0.187,    Keck
55134.5989,0.19,    Keck
55166.4511,0.189,    Keck
55166.4517,0.186,    Keck
55166.4523,0.198,    Keck
55166.4529,0.186,    Keck
55166.4536,0.187,    Keck
55200.3092,0.184,    Keck
55200.3099,0.196,    Keck
55200.3105,0.196,    Keck
55200.3111,0.184,    Keck
55200.3117,0.177,    Keck
55256.2084,0.185,    Keck
55257.2826,0.195,    Keck
55257.2832,0.19,    Keck
55257.2838,0.195,    Keck
55257.2846,0.192,    Keck
55257.2853,0.199,    Keck
55260.2124,0.185,    Keck
55410.6371,0.19,    Keck
55410.6377,0.191,    Keck
55410.6382,0.186,    Keck
55411.6349,0.191,    Keck
55411.6355,0.187,    Keck
55411.6361,0.189,    Keck
55425.6421,0.199,    Keck
55425.6426,0.185,    Keck
55425.6432,0.19,    Keck
55426.6449,0.193,    Keck
55426.6454,0.191,    Keck
55426.646,0.187,    Keck
55433.6478,0.194,    Keck
55433.6484,0.191,    Keck
55433.6489,0.193,    Keck
55434.6435,0.193,    Keck
55434.6441,0.197,    Keck
55434.6446,0.195,    Keck
55435.6416,0.192,    Keck
55435.6422,0.193,    Keck
55435.6427,0.191,    Keck
55436.6322,0.197,    Keck
55436.6328,0.192,    Keck
55436.6333,0.195,    Keck
55437.6471,0.189,    Keck
55437.6476,0.19,    Keck
55437.6482,0.185,    Keck
55438.6444,0.186,    Keck
55438.6449,0.186,    Keck
55438.6455,0.191,    Keck
55439.6481,0.18,    Keck
55439.6487,0.195,    Keck
55439.6492,0.196,    Keck
55455.5142,0.197,    Keck
55455.5148,0.197,    Keck
55455.5154,0.195,    Keck
55462.6187,0.192,    Keck
55462.6193,0.189,    Keck
55462.6199,0.19,    Keck
55462.6205,0.194,    Keck
55462.6212,0.192,    Keck
55462.6218,0.191,    Keck
55462.6224,0.193,    Keck
55464.5728,0.197,    Keck
55464.5734,0.193,    Keck
55464.5739,0.193,    Keck
55468.6257,0.194,    Keck
55468.6263,0.188,    Keck
55468.6268,0.19,    Keck
55490.4512,0.19,    Keck
55490.4518,0.185,    Keck
55490.4523,0.187,    Keck
55515.5617,0.187,    Keck
55515.5623,0.186,    Keck
55515.563,0.195,    Keck
55515.5636,0.195,    Keck
55515.5642,0.191,    Keck
55522.4238,0.173,    Keck
55522.4244,0.168,    Keck
55522.425,0.17,    Keck
55542.5017,0.211,    Keck
55542.5023,0.214,    Keck
55542.5029,0.207,    Keck
55548.5031,0.213,    Keck
55548.5037,0.211,    Keck
55548.5044,0.215,    Keck
55548.505,0.213,    Keck
55548.5057,0.21,    Keck
55578.428,0.204,    Keck
55578.4289,0.202,    Keck
55578.4298,0.197,    Keck
55578.4309,0.207,    Keck
55578.4319,0.204,    Keck
55614.2477,0.206,    Keck
55614.2485,0.194,    Keck
55614.2491,0.208,    Keck
55633.3009,0.202,    Keck
55633.3015,0.204,    Keck
55633.3021,0.201,    Keck
55637.2619,0.174,    Keck
55637.2625,0.176,    Keck
55637.2631,0.175,    Keck
55637.2637,0.177,    Keck
55637.2644,0.173,    Keck
55791.635,0.187,    Keck
55792.6388,0.193,    Keck
55794.6408,0.199,    Keck
55796.6345,0.184,    Keck
55797.6426,0.205,    Keck
55808.6361,0.182,    Keck
56018.2163,0.099,    Keck
56166.6507,0.185,    Keck
56166.6513,0.193,    Keck
56518.6387,0.148,    Keck
56523.6491,0.166,    Keck
56529.6154,0.168,    Keck
55852.3163,0.154,     PFS
55852.3175,0.159,     PFS
55852.3188,0.16,     PFS
55852.32,0.161,     PFS
56175.3973,0.151,     PFS
56285.177,0.153,     PFS
56285.1784,0.153,     PFS
56285.1798,0.153,     PFS
56285.1812,0.151,     PFS
56293.195,0.151,     PFS
56293.1963,0.149,     PFS
56293.1976,0.149,     PFS
56293.1988,0.15,     PFS
56348.0563,0.035,     PFS
56348.0576,0.035,     PFS
56348.0589,0.035,     PFS
56508.4332,0.15,     PFS
56508.4347,0.146,     PFS
56508.4361,0.15,     PFS
56508.4375,0.146,     PFS
56550.3621,0.156,     PFS
56550.3634,0.156,     PFS
56550.3645,0.151,     PFS
56550.3657,0.155,     PFS
56611.255,0.146,     PFS
56611.2562,0.147,     PFS
56611.2574,0.148,     PFS
56703.0643,0.139,     PFS
56703.0655,0.141,     PFS
56703.0668,0.141,     PFS
56703.0681,0.139,     PFS
56735.0091,0.144,     PFS
56735.0105,0.151,     PFS
56879.4068,0.145,     PFS
56879.408,0.147,     PFS
56879.4093,0.146,     PFS
56879.4106,0.145,     PFS
57028.1109,0.156,     PFS
57028.1124,0.156,     PFS
57028.114,0.153,     PFS
57064.0613,0.156,     PFS
57064.0626,0.153,     PFS
57064.0639,0.154,     PFS
57064.0652,0.155,     PFS
57069.0401,0.154,     PFS
57069.0414,0.15,     PFS
57069.0427,0.153,     PFS
57069.044,0.152,     PFS
57264.3689,0.16,     PFS
57264.3703,0.158,     PFS
57264.3716,0.159,     PFS
57320.2823,0.161,     PFS
57320.2837,0.162,     PFS
57320.2849,0.163,     PFS
57320.2862,0.163,     PFS
57326.2847,0.177,     PFS
57326.2863,0.177,     PFS
57326.2878,0.174,     PFS
57394.1552,0.161,     PFS
57394.1566,0.16,     PFS
57394.1581,0.161,     PFS
57452.0359,0.159,     PFS
57452.0375,0.16,     PFS
57452.0389,0.16,     PFS
57766.0723,0.171,     PFS
57766.0736,0.17,     PFS
57766.0749,0.172,     PFS
57766.0762,0.172,     PFS
